id,enabled,priorityScore,liveSearchStatus,liveSearchNote,salesIntent,categoryGroup,categoryLabel,name,Greenies Pill Pockets for Dogs,amazonSearchQuery,asin,amazonAffiliateUrl,recommendedPlacement,topicTags,targetPageSlugs,complianceRisk,complianceNotes
amz-furminator-undercoat-deshedding-tool,TRUE,100,validated_keep,Confirmed by third-party tested dog-supplies roundup.,high,grooming_shedding,"Grooming, Shedding & Bathing",FURminator Undercoat deShedding Tool,FURminator,deshedding tool for dogs long hair short hair,,https://amzn.to/4tcY3B1,Breed coat-care module,grooming|shedding|coat-care|bath|nails,/categories/grooming|/breeds/[breed]|/blog/dog-grooming-checklist,low,"Fill amazonAffiliateUrl with your own SiteStripe text link. Do not show price, rating, review count, Prime badge, or Amazon images unless sourced through an Amazon-approved method/PA-API or current SiteStripe rules allow it. Add a clear affiliate disclosure near the slot."
amz-kong-classic-dog-toy,TRUE,100,validated_keep,Found in Amazon Best Sellers Dog Toys top results.,high,toys_enrichment,"Toys, Chews & Enrichment",KONG Classic Dog Toy,KONG,KONG classic durable dog toy,,https://amzn.to/3QHGyLB,Breed energy-specific product row,toys|enrichment|chew|mental-stimulation|high-energy,/categories/toys|/categories/training|/breeds/[breed]|/blog/bored-dog,low,"Fill amazonAffiliateUrl with your own SiteStripe text link. Do not show price, rating, review count, Prime badge, or Amazon images unless sourced through an Amazon-approved method/PA-API or current SiteStripe rules allow it. Add a clear affiliate disclosure near the slot."
amz-midwest-homes-for-pets-icrate-dog-crate,TRUE,98,validated_keep,Confirmed by third-party crate roundup and dog-supplies roundup.,high,crates_gates_home,"Crates, Gates & Home Setup",MidWest Homes for Pets iCrate Dog Crate,MidWest Homes for Pets,folding dog crate divider panel,,https://amzn.to/4cJyrqs,Puppy starter kit + crate-training content,crate-training|puppy|home-setup|safety,/categories/puppy|/categories/training|/blog/crate-training|/breeds/[breed],low,"Fill amazonAffiliateUrl with your own SiteStripe text link. Do not show price, rating, review count, Prime badge, or Amazon images unless sourced through an Amazon-approved method/PA-API or current SiteStripe rules allow it. Add a clear affiliate disclosure near the slot."
amz-outward-hound-fun-feeder-slo-bowl,TRUE,98,validated_keep,Confirmed by third-party tested slow-feeder/bowl roundups.,high,food_bowls_feeding,"Bowls, Feeders & Food Storage",Outward Hound Fun Feeder Slo Bowl,Outward Hound,slow feeder dog bowl,,https://amzn.to/4mYUSv6,Nutrition pages + cost calculator add-on box,feeding|nutrition|slow-feeder|bowls|food-storage,/categories/nutrition|/categories/puppy|/cost-calculator/[breed]|/breeds/[breed],low,"Fill amazonAffiliateUrl with your own SiteStripe text link. Do not show price, rating, review count, Prime badge, or Amazon images unless sourced through an Amazon-approved method/PA-API or current SiteStripe rules allow it. Add a clear affiliate disclosure near the slot."
amz-snuggle-puppy-heartbeat-stuffed-toy,TRUE,98,not_live_validated_yet,"Still reasonable evergreen candidate, but manually verify exact Amazon listing before enabling.",high,puppy_starter,Puppy Starter Essentials,Snuggle Puppy Heartbeat Stuffed Toy,Snuggle Puppy,heartbeat stuffed puppy toy,,https://amzn.to/4cTnQI7,Puppy hub top slots,puppy|starter-kit|house-training|crate-training|first-dog,/categories/puppy|/blog/new-puppy-checklist|/breeds/[breed],low,"Fill amazonAffiliateUrl with your own SiteStripe text link. Do not show price, rating, review count, Prime badge, or Amazon images unless sourced through an Amazon-approved method/PA-API or current SiteStripe rules allow it. Add a clear affiliate disclosure near the slot."
amz-chuckit-ultra-ball,TRUE,98,validated_keep,Found in Amazon Best Sellers Dog Toys top results.,high,toys_enrichment,"Toys, Chews & Enrichment",Chuckit! Ultra Ball,Chuckit!,chuckit ultra ball dog toy,,https://amzn.to/4t5KYsU,Breed energy-specific product row,toys|enrichment|chew|mental-stimulation|high-energy,/categories/toys|/categories/training|/breeds/[breed]|/blog/bored-dog,low,"Fill amazonAffiliateUrl with your own SiteStripe text link. Do not show price, rating, review count, Prime badge, or Amazon images unless sourced through an Amazon-approved method/PA-API or current SiteStripe rules allow it. Add a clear affiliate disclosure near the slot."
amz-ruffwear-front-range-dog-harness,TRUE,98,not_live_validated_yet,"Still reasonable evergreen candidate, but manually verify exact Amazon listing before enabling.",high,walking_harness_leash,"Walking, Harnesses & Leashes",Ruffwear Front Range Dog Harness,Ruffwear,premium padded everyday harness for active dogs,,https://amzn.to/4ulZePu,Breed page gear box + training/category pages,walking|harness|leash|training|daily-care,/categories/training|/categories/gear|/breeds/[breed]|/blog/puppy-checklist,low,"Fill amazonAffiliateUrl with your own SiteStripe text link. Do not show price, rating, review count, Prime badge, or Amazon images unless sourced through an Amazon-approved method/PA-API or current SiteStripe rules allow it. Add a clear affiliate disclosure near the slot."
amz-furhaven-orthopedic-dog-bed,TRUE,98,validated_keep,Confirmed by third-party dog-supplies roundup; also dog bed category remains high-interest.,high,beds_comfort,"Beds, Blankets & Comfort",Furhaven Orthopedic Dog Bed,Furhaven,orthopedic dog bed washable cover,,https://amzn.to/4cKwSIR,Breed size-fit recommendation box,bed|comfort|sleep|senior|large-breed,/categories/gear|/categories/senior-dogs|/cost-calculator/[breed]|/breeds/[breed],low,"Fill amazonAffiliateUrl with your own SiteStripe text link. Do not show price, rating, review count, Prime badge, or Amazon images unless sourced through an Amazon-approved method/PA-API or current SiteStripe rules allow it. Add a clear affiliate disclosure near the slot."
amz-amazon-basics-dog-and-puppy-pee-pads,TRUE,96,validated_keep,Found in Amazon Best Sellers Pet Supplies top results; high purchase-intent consumable.,high,cleanup_odor,"Cleanup, Odor & Waste",Amazon Basics Dog and Puppy Pee Pads,Amazon Basics,dog puppy pee pads,,https://amzn.to/4natElu,Puppy/home care checklist,cleanup|odor|house-training|poop-bags|home,/categories/puppy|/categories/home|/blog/puppy-checklist,low,"Fill amazonAffiliateUrl with your own SiteStripe text link. Do not show price, rating, review count, Prime badge, or Amazon images unless sourced through an Amazon-approved method/PA-API or current SiteStripe rules allow it. Add a clear affiliate disclosure near the slot."
amz-hertzko-self-cleaning-slicker-brush,TRUE,96,not_live_validated_yet,"Still reasonable evergreen candidate, but manually verify exact Amazon listing before enabling.",high,grooming_shedding,"Grooming, Shedding & Bathing",Hertzko Self Cleaning Slicker Brush,Hertzko,self cleaning slicker brush for dogs,,https://amzn.to/3OY6u55,Breed coat-care module,grooming|shedding|coat-care|bath|nails,/categories/grooming|/breeds/[breed]|/blog/dog-grooming-checklist,low,"Fill amazonAffiliateUrl with your own SiteStripe text link. Do not show price, rating, review count, Prime badge, or Amazon images unless sourced through an Amazon-approved method/PA-API or current SiteStripe rules allow it. Add a clear affiliate disclosure near the slot."
amz-urpower-dog-car-seat-cover,TRUE,96,not_live_validated_yet,"Still reasonable evergreen candidate, but manually verify exact Amazon listing before enabling.",high,travel_safety,"Travel, Car & Outdoor Safety",URPOWER Dog Car Seat Cover,URPOWER,dog car seat cover waterproof hammock,,https://amzn.to/4dlLVb5,Travel checklist + outdoor guides,travel|car|outdoor|carrier|safety,/categories/travel|/categories/gear|/breeds/[breed]|/blog/travel-with-dogs,low,"Fill amazonAffiliateUrl with your own SiteStripe text link. Do not show price, rating, review count, Prime badge, or Amazon images unless sourced through an Amazon-approved method/PA-API or current SiteStripe rules allow it. Add a clear affiliate disclosure near the slot."
amz-zuke-s-mini-naturals-dog-training-treats,TRUE,96,not_live_validated_yet,"Still reasonable evergreen candidate, but manually verify exact Amazon listing before enabling.",high,treats_training,Training Treats & Training Tools,Zuke's Mini Naturals Dog Training Treats,Zuke's,mini natural dog training treats,,https://amzn.to/4em1qlh,Training guide inline slots,training|treats|puppy|obedience|positive-reinforcement,/categories/training|/blog/puppy-training|/breeds/[breed]|/dog-names/[breed],low,"Fill amazonAffiliateUrl with your own SiteStripe text link. Do not show price, rating, review count, Prime badge, or Amazon images unless sourced through an Amazon-approved method/PA-API or current SiteStripe rules allow it. Add a clear affiliate disclosure near the slot."
amz-petsafe-easy-walk-no-pull-dog-harness,TRUE,96,not_live_validated_yet,"Still reasonable evergreen candidate, but manually verify exact Amazon listing before enabling.",high,walking_harness_leash,"Walking, Harnesses & Leashes",PetSafe Easy Walk No-Pull Dog Harness,PetSafe,front clip no pull dog harness,,https://amzn.to/4cUPeFM,Breed page gear box + training/category pages,walking|harness|leash|training|daily-care,/categories/training|/categories/gear|/breeds/[breed]|/blog/puppy-checklist,low,"Fill amazonAffiliateUrl with your own SiteStripe text link. Do not show price, rating, review count, Prime badge, or Amazon images unless sourced through an Amazon-approved method/PA-API or current SiteStripe rules allow it. Add a clear affiliate disclosure near the slot."
amz-rocco-roxie-stain-odor-eliminator,TRUE,94,validated_keep,Found in Amazon Best Sellers Pet Supplies top results; strong puppy/home cleanup intent.,high,cleanup_odor,"Cleanup, Odor & Waste",Rocco & Roxie Stain & Odor Eliminator,Rocco & Roxie,pet stain odor eliminator enzymatic cleaner,,https://amzn.to/4cW0VMf,Puppy/home care checklist,cleanup|odor|house-training|poop-bags|home,/categories/puppy|/categories/home|/blog/puppy-checklist,low,"Fill amazonAffiliateUrl with your own SiteStripe text link. Do not show price, rating, review count, Prime badge, or Amazon images unless sourced through an Amazon-approved method/PA-API or current SiteStripe rules allow it. Add a clear affiliate disclosure near the slot."
amz-amazon-basics-foldable-metal-dog-crate,TRUE,94,not_live_validated_yet,"Still reasonable evergreen candidate, but manually verify exact Amazon listing before enabling.",high,crates_gates_home,"Crates, Gates & Home Setup",Amazon Basics Foldable Metal Dog Crate,Amazon Basics,foldable metal dog crate,,https://amzn.to/4ugeo8L,Puppy starter kit + crate-training content,crate-training|puppy|home-setup|safety,/categories/puppy|/categories/training|/blog/crate-training|/breeds/[breed],low,"Fill amazonAffiliateUrl with your own SiteStripe text link. Do not show price, rating, review count, Prime badge, or Amazon images unless sourced through an Amazon-approved method/PA-API or current SiteStripe rules allow it. Add a clear affiliate disclosure near the slot."
amz-nylabone-puppy-chew-teething-toy,TRUE,94,not_live_validated_yet,"Still reasonable evergreen candidate, but manually verify exact Amazon listing before enabling.",high,puppy_starter,Puppy Starter Essentials,Nylabone Puppy Chew Teething Toy,Nylabone,puppy chew teething toy,,https://amzn.to/4979RgN,Puppy hub top slots,puppy|starter-kit|house-training|crate-training|first-dog,/categories/puppy|/blog/new-puppy-checklist|/breeds/[breed],low,"Fill amazonAffiliateUrl with your own SiteStripe text link. Do not show price, rating, review count, Prime badge, or Amazon images unless sourced through an Amazon-approved method/PA-API or current SiteStripe rules allow it. Add a clear affiliate disclosure near the slot."
amz-outward-hound-nina-ottosson-dog-brick-puzzle,TRUE,94,not_live_validated_yet,"Still reasonable evergreen candidate, but manually verify exact Amazon listing before enabling.",high,toys_enrichment,"Toys, Chews & Enrichment",Outward Hound Nina Ottosson Dog Brick Puzzle,Outward Hound,Nina Ottosson dog brick puzzle toy,,https://amzn.to/3Rd7SkR,Breed energy-specific product row,toys|enrichment|chew|mental-stimulation|high-energy,/categories/toys|/categories/training|/breeds/[breed]|/blog/bored-dog,low,"Fill amazonAffiliateUrl with your own SiteStripe text link. Do not show price, rating, review count, Prime badge, or Amazon images unless sourced through an Amazon-approved method/PA-API or current SiteStripe rules allow it. Add a clear affiliate disclosure near the slot."
amz-blue-buffalo-blue-bits-training-dog-treats,TRUE,94,not_live_validated_yet,"Still reasonable evergreen candidate, but manually verify exact Amazon listing before enabling.",high,treats_training,Training Treats & Training Tools,Blue Buffalo Blue Bits Training Dog Treats,Blue Buffalo,soft moist training dog treats,,https://amzn.to/4df58Mu,Training guide inline slots,training|treats|puppy|obedience|positive-reinforcement,/categories/training|/blog/puppy-training|/breeds/[breed]|/dog-names/[breed],low,"Fill amazonAffiliateUrl with your own SiteStripe text link. Do not show price, rating, review count, Prime badge, or Amazon images unless sourced through an Amazon-approved method/PA-API or current SiteStripe rules allow it. Add a clear affiliate disclosure near the slot."
amz-voyager-step-in-air-dog-harness,TRUE,94,not_live_validated_yet,"Still reasonable evergreen candidate, but manually verify exact Amazon listing before enabling.",high,walking_harness_leash,"Walking, Harnesses & Leashes",Voyager Step-In Air Dog Harness,Voyager,step in air dog harness small medium dogs,,https://amzn.to/4tFRs2T,Breed page gear box + training/category pages,walking|harness|leash|training|daily-care,/categories/training|/categories/gear|/breeds/[breed]|/blog/puppy-checklist,low,"Fill amazonAffiliateUrl with your own SiteStripe text link. Do not show price, rating, review count, Prime badge, or Amazon images unless sourced through an Amazon-approved method/PA-API or current SiteStripe rules allow it. Add a clear affiliate disclosure near the slot."
amz-chris-christensen-big-g-slicker-brush,TRUE,94,not_live_validated_yet,"Still reasonable evergreen candidate, but manually verify exact Amazon listing before enabling.",medium,grooming_shedding,"Grooming, Shedding & Bathing",Chris Christensen Big G Slicker Brush,Chris Christensen,premium slicker brush dog grooming,,https://amzn.to/4t7Uxrw,Breed coat-care module,grooming|shedding|coat-care|bath|nails,/categories/grooming|/breeds/[breed]|/blog/dog-grooming-checklist,low,"Fill amazonAffiliateUrl with your own SiteStripe text link. Do not show price, rating, review count, Prime badge, or Amazon images unless sourced through an Amazon-approved method/PA-API or current SiteStripe rules allow it. Add a clear affiliate disclosure near the slot."
amz-furbo-360-dog-camera,TRUE,94,not_live_validated_yet,"Still reasonable evergreen candidate, but manually verify exact Amazon listing before enabling.",medium,tech_tracking,Smart Pet Tech & Monitoring,Furbo 360 Dog Camera,Furbo,Furbo 360 dog camera treat tossing,,https://amzn.to/4tEX7WV,Premium gear comparison/table,gps|camera|smart-tech|tracking|monitoring,/categories/gear|/categories/travel|/blog/dog-tech,low,"Fill amazonAffiliateUrl with your own SiteStripe text link. Do not show price, rating, review count, Prime badge, or Amazon images unless sourced through an Amazon-approved method/PA-API or current SiteStripe rules allow it. Add a clear affiliate disclosure near the slot."
amz-best-friends-by-sheri-calming-donut-dog-bed,TRUE,92,not_live_validated_yet,"Still reasonable evergreen candidate, but manually verify exact Amazon listing before enabling.",high,beds_comfort,"Beds, Blankets & Comfort",Best Friends by Sheri Calming Donut Dog Bed,Best Friends by Sheri,calming donut dog bed,,https://amzn.to/4dgtmWC,Breed size-fit recommendation box,bed|comfort|sleep|senior|large-breed,/categories/gear|/categories/senior-dogs|/cost-calculator/[breed]|/breeds/[breed],low,"Fill amazonAffiliateUrl with your own SiteStripe text link. Do not show price, rating, review count, Prime badge, or Amazon images unless sourced through an Amazon-approved method/PA-API or current SiteStripe rules allow it. Add a clear affiliate disclosure near the slot."
amz-nature-s-miracle-dog-stain-and-odor-remover,TRUE,92,not_live_validated_yet,"Still reasonable evergreen candidate, but manually verify exact Amazon listing before enabling.",high,cleanup_odor,"Cleanup, Odor & Waste",Nature's Miracle Dog Stain and Odor Remover,Nature's Miracle,dog stain odor remover enzymatic cleaner,,https://amzn.to/4w3g1Za,Puppy/home care checklist,cleanup|odor|house-training|poop-bags|home,/categories/puppy|/categories/home|/blog/puppy-checklist,low,"Fill amazonAffiliateUrl with your own SiteStripe text link. Do not show price, rating, review count, Prime badge, or Amazon images unless sourced through an Amazon-approved method/PA-API or current SiteStripe rules allow it. Add a clear affiliate disclosure near the slot."
amz-kong-puppy-dog-toy,TRUE,92,validated_keep,Found in Amazon Best Sellers Dog Toys top results.,high,puppy_starter,Puppy Starter Essentials,KONG Puppy Dog Toy,KONG,KONG puppy toy,,https://amzn.to/4eUeuP0,Puppy hub top slots,puppy|starter-kit|house-training|crate-training|first-dog,/categories/puppy|/blog/new-puppy-checklist|/breeds/[breed],low,"Fill amazonAffiliateUrl with your own SiteStripe text link. Do not show price, rating, review count, Prime badge, or Amazon images unless sourced through an Amazon-approved method/PA-API or current SiteStripe rules allow it. Add a clear affiliate disclosure near the slot."
amz-wellness-soft-puppy-bites,TRUE,92,not_live_validated_yet,"Still reasonable evergreen candidate, but manually verify exact Amazon listing before enabling.",high,treats_training,Training Treats & Training Tools,Wellness Soft Puppy Bites,Wellness,soft puppy training treats,,https://amzn.to/4tP2hji,Training guide inline slots,training|treats|puppy|obedience|positive-reinforcement,/categories/training|/blog/puppy-training|/breeds/[breed]|/dog-names/[breed],low,"Fill amazonAffiliateUrl with your own SiteStripe text link. Do not show price, rating, review count, Prime badge, or Amazon images unless sourced through an Amazon-approved method/PA-API or current SiteStripe rules allow it. Add a clear affiliate disclosure near the slot."
amz-neater-feeder-deluxe-dog-bowl,FALSE,92,not_live_validated_yet,"Still reasonable evergreen candidate, but manually verify exact Amazon listing before enabling.",medium,food_bowls_feeding,"Bowls, Feeders & Food Storage",Neater Feeder Deluxe Dog Bowl,Neater Feeder,mess proof elevated dog bowls,,,Nutrition pages + cost calculator add-on box,feeding|nutrition|slow-feeder|bowls|food-storage,/categories/nutrition|/categories/puppy|/cost-calculator/[breed]|/breeds/[breed],low,"Fill amazonAffiliateUrl with your own SiteStripe text link. Do not show price, rating, review count, Prime badge, or Amazon images unless sourced through an Amazon-approved method/PA-API or current SiteStripe rules allow it. Add a clear affiliate disclosure near the slot."
amz-safari-professional-nail-trimmer-for-dogs,FALSE,92,not_live_validated_yet,"Still reasonable evergreen candidate, but manually verify exact Amazon listing before enabling.",medium,grooming_shedding,"Grooming, Shedding & Bathing",Safari Professional Nail Trimmer for Dogs,Safari,professional nail trimmer for dogs,,,Breed coat-care module,grooming|shedding|coat-care|bath|nails,/categories/grooming|/breeds/[breed]|/blog/dog-grooming-checklist,low,"Fill amazonAffiliateUrl with your own SiteStripe text link. Do not show price, rating, review count, Prime badge, or Amazon images unless sourced through an Amazon-approved method/PA-API or current SiteStripe rules allow it. Add a clear affiliate disclosure near the slot."
amz-petcube-cam-indoor-wi-fi-pet-camera,FALSE,92,not_live_validated_yet,"Still reasonable evergreen candidate, but manually verify exact Amazon listing before enabling.",medium,tech_tracking,Smart Pet Tech & Monitoring,Petcube Cam Indoor Wi-Fi Pet Camera,Petcube,pet camera indoor wifi dog,,,Premium gear comparison/table,gps|camera|smart-tech|tracking|monitoring,/categories/gear|/categories/travel|/blog/dog-tech,low,"Fill amazonAffiliateUrl with your own SiteStripe text link. Do not show price, rating, review count, Prime badge, or Amazon images unless sourced through an Amazon-approved method/PA-API or current SiteStripe rules allow it. Add a clear affiliate disclosure near the slot."
amz-outward-hound-hide-n-slide-puzzle,FALSE,92,not_live_validated_yet,"Still reasonable evergreen candidate, but manually verify exact Amazon listing before enabling.",medium,toys_enrichment,"Toys, Chews & Enrichment",Outward Hound Hide N' Slide Puzzle,Outward Hound,dog hide n slide puzzle toy,,,Breed energy-specific product row,toys|enrichment|chew|mental-stimulation|high-energy,/categories/toys|/categories/training|/breeds/[breed]|/blog/bored-dog,low,"Fill amazonAffiliateUrl with your own SiteStripe text link. Do not show price, rating, review count, Prime badge, or Amazon images unless sourced through an Amazon-approved method/PA-API or current SiteStripe rules allow it. Add a clear affiliate disclosure near the slot."
amz-vailge-dog-seat-cover-for-back-seat,FALSE,92,not_live_validated_yet,"Still reasonable evergreen candidate, but manually verify exact Amazon listing before enabling.",medium,travel_safety,"Travel, Car & Outdoor Safety",Vailge Dog Seat Cover for Back Seat,Vailge,waterproof dog car seat cover,,,Travel checklist + outdoor guides,travel|car|outdoor|carrier|safety,/categories/travel|/categories/gear|/breeds/[breed]|/blog/travel-with-dogs,low,"Fill amazonAffiliateUrl with your own SiteStripe text link. Do not show price, rating, review count, Prime badge, or Amazon images unless sourced through an Amazon-approved method/PA-API or current SiteStripe rules allow it. Add a clear affiliate disclosure near the slot."
amz-pedigree-dentastix-large-dog-dental-care-treats,TRUE,91,validated_add,"Live search found this in Amazon Best Sellers Pet Supplies top results. Useful for dental-care content, but wording should avoid disease-prevention claims.",high,health_adjacent,"Dental, Paw & Wellness-Adjacent Care",PEDIGREE DENTASTIX Large Dog Dental Care Treats,Pedigree,PEDIGREE DENTASTIX Large Dog Dental Care Treats,,https://amzn.to/3QFaI21,Dental routine card with vet disclaimer.,dental-care|treats|routine-care,/categories/health|/categories/grooming|/breeds/[breed],medium,"Fill amazonAffiliateUrl with your own SiteStripe text link. Do not show price, rating, review count, Prime badge, or Amazon images unless allowed through Amazon-approved tooling/current rules."
amz-iris-usa-airtight-dog-food-storage-container,TRUE,90,validated_keep,Confirmed by third-party dog-supplies roundup.,high,food_bowls_feeding,"Bowls, Feeders & Food Storage",IRIS USA Airtight Dog Food Storage Container,IRIS USA,airtight dog food storage container wheels,,https://amzn.to/4n5TIhx,Nutrition pages + cost calculator add-on box,feeding|nutrition|slow-feeder|bowls|food-storage,/categories/nutrition|/categories/puppy|/cost-calculator/[breed]|/breeds/[breed],low,"Fill amazonAffiliateUrl with your own SiteStripe text link. Do not show price, rating, review count, Prime badge, or Amazon images unless sourced through an Amazon-approved method/PA-API or current SiteStripe rules allow it. Add a clear affiliate disclosure near the slot."
amz-benebone-wishbone-durable-dog-chew,TRUE,90,validated_keep,Found in Amazon Best Sellers Dog Toys top results.,high,toys_enrichment,"Toys, Chews & Enrichment",Benebone Wishbone Durable Dog Chew,Benebone,durable dog chew wishbone,,https://amzn.to/4eUtFrm,Breed energy-specific product row,toys|enrichment|chew|mental-stimulation|high-energy,/categories/toys|/categories/training|/breeds/[breed]|/blog/bored-dog,low,"Fill amazonAffiliateUrl with your own SiteStripe text link. Do not show price, rating, review count, Prime badge, or Amazon images unless sourced through an Amazon-approved method/PA-API or current SiteStripe rules allow it. Add a clear affiliate disclosure near the slot."
amz-k-h-pet-products-original-elevated-dog-bed,FALSE,90,not_live_validated_yet,"Still reasonable evergreen candidate, but manually verify exact Amazon listing before enabling.",medium,beds_comfort,"Beds, Blankets & Comfort",K&H Pet Products Original Elevated Dog Bed,K&H Pet Products,elevated dog bed cot,,,Breed size-fit recommendation box,bed|comfort|sleep|senior|large-breed,/categories/gear|/categories/senior-dogs|/cost-calculator/[breed]|/breeds/[breed],low,"Fill amazonAffiliateUrl with your own SiteStripe text link. Do not show price, rating, review count, Prime badge, or Amazon images unless sourced through an Amazon-approved method/PA-API or current SiteStripe rules allow it. Add a clear affiliate disclosure near the slot."
amz-yeti-boomer-8-dog-bowl,FALSE,90,validated_keep,Confirmed by third-party tested dog-bowls roundup.,medium,food_bowls_feeding,"Bowls, Feeders & Food Storage",YETI Boomer 8 Dog Bowl,YETI,stainless steel dog bowl large,,,Nutrition pages + cost calculator add-on box,feeding|nutrition|slow-feeder|bowls|food-storage,/categories/nutrition|/categories/puppy|/cost-calculator/[breed]|/breeds/[breed],low,"Fill amazonAffiliateUrl with your own SiteStripe text link. Do not show price, rating, review count, Prime badge, or Amazon images unless sourced through an Amazon-approved method/PA-API or current SiteStripe rules allow it. Add a clear affiliate disclosure near the slot."
amz-dremel-pawcontrol-dog-nail-grinder,FALSE,90,not_live_validated_yet,"Still reasonable evergreen candidate, but manually verify exact Amazon listing before enabling.",medium,grooming_shedding,"Grooming, Shedding & Bathing",Dremel PawControl Dog Nail Grinder,Dremel,dog nail grinder Dremel PawControl,,,Breed coat-care module,grooming|shedding|coat-care|bath|nails,/categories/grooming|/breeds/[breed]|/blog/dog-grooming-checklist,low,"Fill amazonAffiliateUrl with your own SiteStripe text link. Do not show price, rating, review count, Prime badge, or Amazon images unless sourced through an Amazon-approved method/PA-API or current SiteStripe rules allow it. Add a clear affiliate disclosure near the slot."
amz-virbac-c-e-t-enzymatic-toothpaste-for-dogs,FALSE,90,caution_review,Health-adjacent; use only with careful wording and no medical claims.,medium,health_adjacent,"Dental, Paw & Wellness-Adjacent Care",Virbac C.E.T. Enzymatic Toothpaste for Dogs,Virbac,dog enzymatic toothpaste,,,Care routine boxes with vet disclaimer,dental-care|paw-care|wellness|routine-care,/categories/health|/categories/grooming|/breeds/[breed],medium,"Fill amazonAffiliateUrl with your own SiteStripe text link. Do not show price, rating, review count, Prime badge, or Amazon images unless sourced through an Amazon-approved method/PA-API or current SiteStripe rules allow it. Add a clear affiliate disclosure near the slot."
amz-tractive-gps-dog-tracker,FALSE,90,not_live_validated_yet,"Still reasonable evergreen candidate, but manually verify exact Amazon listing before enabling.",medium,tech_tracking,Smart Pet Tech & Monitoring,Tractive GPS Dog Tracker,Tractive,GPS dog tracker subscription,,,Premium gear comparison/table,gps|camera|smart-tech|tracking|monitoring,/categories/gear|/categories/travel|/blog/dog-tech,low,"Fill amazonAffiliateUrl with your own SiteStripe text link. Do not show price, rating, review count, Prime badge, or Amazon images unless sourced through an Amazon-approved method/PA-API or current SiteStripe rules allow it. Add a clear affiliate disclosure near the slot."
amz-kurgo-tru-fit-enhanced-strength-dog-harness,FALSE,90,not_live_validated_yet,"Still reasonable evergreen candidate, but manually verify exact Amazon listing before enabling.",medium,travel_safety,"Travel, Car & Outdoor Safety",Kurgo Tru-Fit Enhanced Strength Dog Harness,Kurgo,dog car harness crash tested,,,Travel checklist + outdoor guides,travel|car|outdoor|carrier|safety,/categories/travel|/categories/gear|/breeds/[breed]|/blog/travel-with-dogs,low,"Fill amazonAffiliateUrl with your own SiteStripe text link. Do not show price, rating, review count, Prime badge, or Amazon images unless sourced through an Amazon-approved method/PA-API or current SiteStripe rules allow it. Add a clear affiliate disclosure near the slot."
amz-petsafe-treat-pouch-sport,FALSE,90,not_live_validated_yet,"Still reasonable evergreen candidate, but manually verify exact Amazon listing before enabling.",medium,treats_training,Training Treats & Training Tools,PetSafe Treat Pouch Sport,PetSafe,dog training treat pouch,,,Training guide inline slots,training|treats|puppy|obedience|positive-reinforcement,/categories/training|/blog/puppy-training|/breeds/[breed]|/dog-names/[breed],low,"Fill amazonAffiliateUrl with your own SiteStripe text link. Do not show price, rating, review count, Prime badge, or Amazon images unless sourced through an Amazon-approved method/PA-API or current SiteStripe rules allow it. Add a clear affiliate disclosure near the slot."
amz-milk-bone-original-dog-treats-biscuits,TRUE,89,validated_add,"Live search found this in Amazon Best Sellers Pet Supplies top results. Broad, low-friction everyday treat option.",high,treats_training,Training Treats & Everyday Treats,Milk-Bone Original Dog Treats Biscuits,Milk-Bone,Milk-Bone Original Dog Treats Biscuits Medium Dogs 10 Pound,,https://amzn.to/4cYO10k,Training or basic supplies checklist.,treats|training|daily-care,/categories/training|/categories/puppy|/breeds/[breed],low,"Fill amazonAffiliateUrl with your own SiteStripe text link. Do not show price, rating, review count, Prime badge, or Amazon images unless allowed through Amazon-approved tooling/current rules."
amz-earth-rated-pet-wipes,TRUE,88,validated_add,"Live search found this in Amazon Best Sellers Pet Supplies top results. Good low-risk add-on for paws, grooming and travel pages.",high,grooming_shedding,"Grooming, Shedding & Bathing",Earth Rated Pet Wipes,Earth Rated,Earth Rated Pet Wipes for Dogs Unscented 100 Count,,https://amzn.to/42bD3iW,Grooming checklist and travel cleanup kit.,grooming|wipes|cleanup|travel,/categories/grooming|/categories/travel|/categories/puppy,low,"Fill amazonAffiliateUrl with your own SiteStripe text link. Do not show price, rating, review count, Prime badge, or Amazon images unless allowed through Amazon-approved tooling/current rules."
amz-bedsure-orthopedic-dog-bed,FALSE,88,validated_add,Live search found Bedsure/EHEYCIGA-style orthopedic beds ranking strongly in the dog beds category. Good budget/value alternative to Furhaven/Big Barker.,medium,beds_comfort,"Beds, Blankets & Comfort",Bedsure Orthopedic Dog Bed,Bedsure,Bedsure Orthopedic Dog Bed washable removable cover,,,Breed size-fit bed recommendations.,bed|comfort|senior|large-breed,/categories/gear|/categories/senior-dogs|/breeds/[breed],low,"Fill amazonAffiliateUrl with your own SiteStripe text link. Do not show price, rating, review count, Prime badge, or Amazon images unless allowed through Amazon-approved tooling/current rules."
amz-petfusion-ultimate-dog-bed,FALSE,88,not_live_validated_yet,"Still reasonable evergreen candidate, but manually verify exact Amazon listing before enabling.",medium,beds_comfort,"Beds, Blankets & Comfort",PetFusion Ultimate Dog Bed,PetFusion,memory foam dog bed waterproof liner,,,Breed size-fit recommendation box,bed|comfort|sleep|senior|large-breed,/categories/gear|/categories/senior-dogs|/cost-calculator/[breed]|/breeds/[breed],low,"Fill amazonAffiliateUrl with your own SiteStripe text link. Do not show price, rating, review count, Prime badge, or Amazon images unless sourced through an Amazon-approved method/PA-API or current SiteStripe rules allow it. Add a clear affiliate disclosure near the slot."
amz-angry-orange-pet-odor-eliminator,FALSE,88,not_live_validated_yet,"Still reasonable evergreen candidate, but manually verify exact Amazon listing before enabling.",medium,cleanup_odor,"Cleanup, Odor & Waste",Angry Orange Pet Odor Eliminator,Angry Orange,pet odor eliminator dog,,,Puppy/home care checklist,cleanup|odor|house-training|poop-bags|home,/categories/puppy|/categories/home|/blog/puppy-checklist,low,"Fill amazonAffiliateUrl with your own SiteStripe text link. Do not show price, rating, review count, Prime badge, or Amazon images unless sourced through an Amazon-approved method/PA-API or current SiteStripe rules allow it. Add a clear affiliate disclosure near the slot."
amz-carlson-extra-wide-walk-through-pet-gate,FALSE,88,not_live_validated_yet,"Still reasonable evergreen candidate, but manually verify exact Amazon listing before enabling.",medium,crates_gates_home,"Crates, Gates & Home Setup",Carlson Extra Wide Walk Through Pet Gate,Carlson Pet Products,walk through pet gate with small pet door,,,Puppy starter kit + crate-training content,crate-training|puppy|home-setup|safety,/categories/puppy|/categories/training|/blog/crate-training|/breeds/[breed],low,"Fill amazonAffiliateUrl with your own SiteStripe text link. Do not show price, rating, review count, Prime badge, or Amazon images unless sourced through an Amazon-approved method/PA-API or current SiteStripe rules allow it. Add a clear affiliate disclosure near the slot."
amz-gamma2-vittles-vault-dog-food-storage-container,FALSE,88,not_live_validated_yet,"Still reasonable evergreen candidate, but manually verify exact Amazon listing before enabling.",medium,food_bowls_feeding,"Bowls, Feeders & Food Storage",Gamma2 Vittles Vault Dog Food Storage Container,Gamma2,vittles vault airtight pet food storage,,,Nutrition pages + cost calculator add-on box,feeding|nutrition|slow-feeder|bowls|food-storage,/categories/nutrition|/categories/puppy|/cost-calculator/[breed]|/breeds/[breed],low,"Fill amazonAffiliateUrl with your own SiteStripe text link. Do not show price, rating, review count, Prime badge, or Amazon images unless sourced through an Amazon-approved method/PA-API or current SiteStripe rules allow it. Add a clear affiliate disclosure near the slot."
amz-earthbath-oatmeal-aloe-dog-shampoo,FALSE,88,not_live_validated_yet,"Still reasonable evergreen candidate, but manually verify exact Amazon listing before enabling.",medium,grooming_shedding,"Grooming, Shedding & Bathing",Earthbath Oatmeal & Aloe Dog Shampoo,Earthbath,oatmeal aloe dog shampoo,,,Breed coat-care module,grooming|shedding|coat-care|bath|nails,/categories/grooming|/breeds/[breed]|/blog/dog-grooming-checklist,low,"Fill amazonAffiliateUrl with your own SiteStripe text link. Do not show price, rating, review count, Prime badge, or Amazon images unless sourced through an Amazon-approved method/PA-API or current SiteStripe rules allow it. Add a clear affiliate disclosure near the slot."
amz-greenies-original-dental-dog-treats,FALSE,88,caution_review,Health-adjacent; use only with careful wording and no medical claims.,medium,health_adjacent,"Dental, Paw & Wellness-Adjacent Care",Greenies Original Dental Dog Treats,Greenies,dental dog treats,,,Care routine boxes with vet disclaimer,dental-care|paw-care|wellness|routine-care,/categories/health|/categories/grooming|/breeds/[breed],medium,"Fill amazonAffiliateUrl with your own SiteStripe text link. Do not show price, rating, review count, Prime badge, or Amazon images unless sourced through an Amazon-approved method/PA-API or current SiteStripe rules allow it. Add a clear affiliate disclosure near the slot."
amz-puppia-soft-dog-harness,FALSE,88,not_live_validated_yet,"Still reasonable evergreen candidate, but manually verify exact Amazon listing before enabling.",medium,puppy_starter,Puppy Starter Essentials,Puppia Soft Dog Harness,Puppia,soft dog harness puppy small dog,,,Puppy hub top slots,puppy|starter-kit|house-training|crate-training|first-dog,/categories/puppy|/blog/new-puppy-checklist|/breeds/[breed],low,"Fill amazonAffiliateUrl with your own SiteStripe text link. Do not show price, rating, review count, Prime badge, or Amazon images unless sourced through an Amazon-approved method/PA-API or current SiteStripe rules allow it. Add a clear affiliate disclosure near the slot."
amz-west-paw-zogoflex-hurley-dog-bone,FALSE,88,not_live_validated_yet,"Still reasonable evergreen candidate, but manually verify exact Amazon listing before enabling.",medium,toys_enrichment,"Toys, Chews & Enrichment",West Paw Zogoflex Hurley Dog Bone,West Paw,West Paw Zogoflex dog chew toy,,,Breed energy-specific product row,toys|enrichment|chew|mental-stimulation|high-energy,/categories/toys|/categories/training|/breeds/[breed]|/blog/bored-dog,low,"Fill amazonAffiliateUrl with your own SiteStripe text link. Do not show price, rating, review count, Prime badge, or Amazon images unless sourced through an Amazon-approved method/PA-API or current SiteStripe rules allow it. Add a clear affiliate disclosure near the slot."
amz-petsafe-happy-ride-folding-dog-ramp,FALSE,88,not_live_validated_yet,"Still reasonable evergreen candidate, but manually verify exact Amazon listing before enabling.",medium,travel_safety,"Travel, Car & Outdoor Safety",PetSafe Happy Ride Folding Dog Ramp,PetSafe,folding dog ramp car suv,,,Travel checklist + outdoor guides,travel|car|outdoor|carrier|safety,/categories/travel|/categories/gear|/breeds/[breed]|/blog/travel-with-dogs,low,"Fill amazonAffiliateUrl with your own SiteStripe text link. Do not show price, rating, review count, Prime badge, or Amazon images unless sourced through an Amazon-approved method/PA-API or current SiteStripe rules allow it. Add a clear affiliate disclosure near the slot."
amz-starmark-pro-training-clicker,FALSE,88,not_live_validated_yet,"Still reasonable evergreen candidate, but manually verify exact Amazon listing before enabling.",medium,treats_training,Training Treats & Training Tools,Starmark Pro-Training Clicker,Starmark,dog training clicker,,,Training guide inline slots,training|treats|puppy|obedience|positive-reinforcement,/categories/training|/blog/puppy-training|/breeds/[breed]|/dog-names/[breed],low,"Fill amazonAffiliateUrl with your own SiteStripe text link. Do not show price, rating, review count, Prime badge, or Amazon images unless sourced through an Amazon-approved method/PA-API or current SiteStripe rules allow it. Add a clear affiliate disclosure near the slot."
amz-blueberry-pet-essentials-classic-dog-collar,FALSE,88,not_live_validated_yet,"Still reasonable evergreen candidate, but manually verify exact Amazon listing before enabling.",medium,walking_harness_leash,"Walking, Harnesses & Leashes",Blueberry Pet Essentials Classic Dog Collar,Blueberry Pet,adjustable nylon dog collar,,,Breed page gear box + training/category pages,walking|harness|leash|training|daily-care,/categories/training|/categories/gear|/breeds/[breed]|/blog/puppy-checklist,low,"Fill amazonAffiliateUrl with your own SiteStripe text link. Do not show price, rating, review count, Prime badge, or Amazon images unless sourced through an Amazon-approved method/PA-API or current SiteStripe rules allow it. Add a clear affiliate disclosure near the slot."
amz-max-and-neo-reflective-nylon-dog-leash,FALSE,88,validated_keep,Confirmed by third-party dog-supplies roundup.,medium,walking_harness_leash,"Walking, Harnesses & Leashes",Max and Neo Reflective Nylon Dog Leash,Max and Neo,reflective dog leash padded handle,,,Breed page gear box + training/category pages,walking|harness|leash|training|daily-care,/categories/training|/categories/gear|/breeds/[breed]|/blog/puppy-checklist,low,"Fill amazonAffiliateUrl with your own SiteStripe text link. Do not show price, rating, review count, Prime badge, or Amazon images unless sourced through an Amazon-approved method/PA-API or current SiteStripe rules allow it. Add a clear affiliate disclosure near the slot."
amz-regalo-easy-step-walk-thru-gate,FALSE,86,not_live_validated_yet,"Still reasonable evergreen candidate, but manually verify exact Amazon listing before enabling.",medium,crates_gates_home,"Crates, Gates & Home Setup",Regalo Easy Step Walk Thru Gate,Regalo,walk through safety gate pet gate,,,Puppy starter kit + crate-training content,crate-training|puppy|home-setup|safety,/categories/puppy|/categories/training|/blog/crate-training|/breeds/[breed],low,"Fill amazonAffiliateUrl with your own SiteStripe text link. Do not show price, rating, review count, Prime badge, or Amazon images unless sourced through an Amazon-approved method/PA-API or current SiteStripe rules allow it. Add a clear affiliate disclosure near the slot."
amz-petsafe-healthy-pet-simply-feed-automatic-feeder,FALSE,86,not_live_validated_yet,"Still reasonable evergreen candidate, but manually verify exact Amazon listing before enabling.",medium,food_bowls_feeding,"Bowls, Feeders & Food Storage",PetSafe Healthy Pet Simply Feed Automatic Feeder,PetSafe,automatic dog feeder portion control,,,Nutrition pages + cost calculator add-on box,feeding|nutrition|slow-feeder|bowls|food-storage,/categories/nutrition|/categories/puppy|/cost-calculator/[breed]|/breeds/[breed],low,"Fill amazonAffiliateUrl with your own SiteStripe text link. Do not show price, rating, review count, Prime badge, or Amazon images unless sourced through an Amazon-approved method/PA-API or current SiteStripe rules allow it. Add a clear affiliate disclosure near the slot."
amz-burt-s-bees-oatmeal-dog-shampoo,FALSE,86,not_live_validated_yet,"Still reasonable evergreen candidate, but manually verify exact Amazon listing before enabling.",medium,grooming_shedding,"Grooming, Shedding & Bathing",Burt's Bees Oatmeal Dog Shampoo,Burt's Bees,oatmeal dog shampoo,,,Breed coat-care module,grooming|shedding|coat-care|bath|nails,/categories/grooming|/breeds/[breed]|/blog/dog-grooming-checklist,low,"Fill amazonAffiliateUrl with your own SiteStripe text link. Do not show price, rating, review count, Prime badge, or Amazon images unless sourced through an Amazon-approved method/PA-API or current SiteStripe rules allow it. Add a clear affiliate disclosure near the slot."
amz-arm-hammer-dog-dental-care-kit,FALSE,86,caution_review,Health-adjacent; use only with careful wording and no medical claims.,medium,health_adjacent,"Dental, Paw & Wellness-Adjacent Care",Arm & Hammer Dog Dental Care Kit,Arm & Hammer,dog dental care kit toothbrush toothpaste,,,Care routine boxes with vet disclaimer,dental-care|paw-care|wellness|routine-care,/categories/health|/categories/grooming|/breeds/[breed],medium,"Fill amazonAffiliateUrl with your own SiteStripe text link. Do not show price, rating, review count, Prime badge, or Amazon images unless sourced through an Amazon-approved method/PA-API or current SiteStripe rules allow it. Add a clear affiliate disclosure near the slot."
amz-amazon-basics-dog-grooming-kit,FALSE,86,not_live_validated_yet,"Still reasonable evergreen candidate, but manually verify exact Amazon listing before enabling.",medium,puppy_starter,Puppy Starter Essentials,Amazon Basics Dog Grooming Kit,Amazon Basics,dog grooming kit brush nail clipper,,,Puppy hub top slots,puppy|starter-kit|house-training|crate-training|first-dog,/categories/puppy|/blog/new-puppy-checklist|/breeds/[breed],low,"Fill amazonAffiliateUrl with your own SiteStripe text link. Do not show price, rating, review count, Prime badge, or Amazon images unless sourced through an Amazon-approved method/PA-API or current SiteStripe rules allow it. Add a clear affiliate disclosure near the slot."
amz-tile-mate-bluetooth-tracker,FALSE,86,not_live_validated_yet,"Still reasonable evergreen candidate, but manually verify exact Amazon listing before enabling.",medium,tech_tracking,Smart Pet Tech & Monitoring,Tile Mate Bluetooth Tracker,Tile,bluetooth tracker dog collar,,,Premium gear comparison/table,gps|camera|smart-tech|tracking|monitoring,/categories/gear|/categories/travel|/blog/dog-tech,low,"Fill amazonAffiliateUrl with your own SiteStripe text link. Do not show price, rating, review count, Prime badge, or Amazon images unless sourced through an Amazon-approved method/PA-API or current SiteStripe rules allow it. Add a clear affiliate disclosure near the slot."
amz-mammoth-flossy-chews-rope-tug-toy,FALSE,86,not_live_validated_yet,"Still reasonable evergreen candidate, but manually verify exact Amazon listing before enabling.",medium,toys_enrichment,"Toys, Chews & Enrichment",Mammoth Flossy Chews Rope Tug Toy,Mammoth,rope tug toy for dogs,,,Breed energy-specific product row,toys|enrichment|chew|mental-stimulation|high-energy,/categories/toys|/categories/training|/breeds/[breed]|/blog/bored-dog,low,"Fill amazonAffiliateUrl with your own SiteStripe text link. Do not show price, rating, review count, Prime badge, or Amazon images unless sourced through an Amazon-approved method/PA-API or current SiteStripe rules allow it. Add a clear affiliate disclosure near the slot."
amz-sherpa-original-deluxe-travel-pet-carrier,FALSE,86,not_live_validated_yet,"Still reasonable evergreen candidate, but manually verify exact Amazon listing before enabling.",medium,travel_safety,"Travel, Car & Outdoor Safety",Sherpa Original Deluxe Travel Pet Carrier,Sherpa,airline approved pet carrier,,,Travel checklist + outdoor guides,travel|car|outdoor|carrier|safety,/categories/travel|/categories/gear|/breeds/[breed]|/blog/travel-with-dogs,low,"Fill amazonAffiliateUrl with your own SiteStripe text link. Do not show price, rating, review count, Prime badge, or Amazon images unless sourced through an Amazon-approved method/PA-API or current SiteStripe rules allow it. Add a clear affiliate disclosure near the slot."
amz-zak-george-s-dog-training-revolution-book,FALSE,86,not_live_validated_yet,"Still reasonable evergreen candidate, but manually verify exact Amazon listing before enabling.",medium,treats_training,Training Treats & Training Tools,Zak George's Dog Training Revolution Book,Zak George,dog training book puppy training,,,Training guide inline slots,training|treats|puppy|obedience|positive-reinforcement,/categories/training|/blog/puppy-training|/breeds/[breed]|/dog-names/[breed],low,"Fill amazonAffiliateUrl with your own SiteStripe text link. Do not show price, rating, review count, Prime badge, or Amazon images unless sourced through an Amazon-approved method/PA-API or current SiteStripe rules allow it. Add a clear affiliate disclosure near the slot."
amz-hi-kiss-long-training-lead,FALSE,86,not_live_validated_yet,"Still reasonable evergreen candidate, but manually verify exact Amazon listing before enabling.",medium,walking_harness_leash,"Walking, Harnesses & Leashes",Hi Kiss Long Training Lead,Hi Kiss,long dog training leash recall lead 30 foot,,,Breed page gear box + training/category pages,walking|harness|leash|training|daily-care,/categories/training|/categories/gear|/breeds/[breed]|/blog/puppy-checklist,low,"Fill amazonAffiliateUrl with your own SiteStripe text link. Do not show price, rating, review count, Prime badge, or Amazon images unless sourced through an Amazon-approved method/PA-API or current SiteStripe rules allow it. Add a clear affiliate disclosure near the slot."
amz-furhaven-waterproof-dog-blanket,FALSE,84,not_live_validated_yet,"Still reasonable evergreen candidate, but manually verify exact Amazon listing before enabling.",medium,beds_comfort,"Beds, Blankets & Comfort",Furhaven Waterproof Dog Blanket,Furhaven,waterproof dog blanket couch cover,,,Breed size-fit recommendation box,bed|comfort|sleep|senior|large-breed,/categories/gear|/categories/senior-dogs|/cost-calculator/[breed]|/breeds/[breed],low,"Fill amazonAffiliateUrl with your own SiteStripe text link. Do not show price, rating, review count, Prime badge, or Amazon images unless sourced through an Amazon-approved method/PA-API or current SiteStripe rules allow it. Add a clear affiliate disclosure near the slot."
amz-bissell-little-green-pet-deluxe-portable-cleaner,FALSE,84,not_live_validated_yet,"Still reasonable evergreen candidate, but manually verify exact Amazon listing before enabling.",medium,cleanup_odor,"Cleanup, Odor & Waste",Bissell Little Green Pet Deluxe Portable Cleaner,Bissell,portable carpet cleaner pet stain,,,Puppy/home care checklist,cleanup|odor|house-training|poop-bags|home,/categories/puppy|/categories/home|/blog/puppy-checklist,low,"Fill amazonAffiliateUrl with your own SiteStripe text link. Do not show price, rating, review count, Prime badge, or Amazon images unless sourced through an Amazon-approved method/PA-API or current SiteStripe rules allow it. Add a clear affiliate disclosure near the slot."
amz-diggs-revol-collapsible-dog-crate,FALSE,84,not_live_validated_yet,"Still reasonable evergreen candidate, but manually verify exact Amazon listing before enabling.",medium,crates_gates_home,"Crates, Gates & Home Setup",Diggs Revol Collapsible Dog Crate,Diggs,premium collapsible dog crate,,,Puppy starter kit + crate-training content,crate-training|puppy|home-setup|safety,/categories/puppy|/categories/training|/blog/crate-training|/breeds/[breed],low,"Fill amazonAffiliateUrl with your own SiteStripe text link. Do not show price, rating, review count, Prime badge, or Amazon images unless sourced through an Amazon-approved method/PA-API or current SiteStripe rules allow it. Add a clear affiliate disclosure near the slot."
amz-veken-pet-fountain,FALSE,84,not_live_validated_yet,"Still reasonable evergreen candidate, but manually verify exact Amazon listing before enabling.",medium,food_bowls_feeding,"Bowls, Feeders & Food Storage",Veken Pet Fountain,Veken,pet water fountain dog cat stainless steel,,,Nutrition pages + cost calculator add-on box,feeding|nutrition|slow-feeder|bowls|food-storage,/categories/nutrition|/categories/puppy|/cost-calculator/[breed]|/breeds/[breed],low,"Fill amazonAffiliateUrl with your own SiteStripe text link. Do not show price, rating, review count, Prime badge, or Amazon images unless sourced through an Amazon-approved method/PA-API or current SiteStripe rules allow it. Add a clear affiliate disclosure near the slot."
amz-aquapaw-dog-bath-brush-and-sprayer,FALSE,84,not_live_validated_yet,"Still reasonable evergreen candidate, but manually verify exact Amazon listing before enabling.",medium,grooming_shedding,"Grooming, Shedding & Bathing",Aquapaw Dog Bath Brush and Sprayer,Aquapaw,dog bath brush sprayer,,,Breed coat-care module,grooming|shedding|coat-care|bath|nails,/categories/grooming|/breeds/[breed]|/blog/dog-grooming-checklist,low,"Fill amazonAffiliateUrl with your own SiteStripe text link. Do not show price, rating, review count, Prime badge, or Amazon images unless sourced through an Amazon-approved method/PA-API or current SiteStripe rules allow it. Add a clear affiliate disclosure near the slot."
amz-vet-s-best-flea-and-tick-home-spray,FALSE,84,caution_review,Health-adjacent; use only with careful wording and no medical claims.,medium,health_adjacent,"Dental, Paw & Wellness-Adjacent Care",Vet's Best Flea and Tick Home Spray,Vet's Best,flea tick home spray for dogs,,,Care routine boxes with vet disclaimer,dental-care|paw-care|wellness|routine-care,/categories/health|/categories/grooming|/breeds/[breed],medium,"Fill amazonAffiliateUrl with your own SiteStripe text link. Do not show price, rating, review count, Prime badge, or Amazon images unless sourced through an Amazon-approved method/PA-API or current SiteStripe rules allow it. Add a clear affiliate disclosure near the slot."
amz-puppy-training-pads-holder,FALSE,84,not_live_validated_yet,"Still reasonable evergreen candidate, but manually verify exact Amazon listing before enabling.",medium,puppy_starter,Puppy Starter Essentials,Puppy Training Pads Holder,IRIS USA,puppy training pad holder,,,Puppy hub top slots,puppy|starter-kit|house-training|crate-training|first-dog,/categories/puppy|/blog/new-puppy-checklist|/breeds/[breed],low,"Fill amazonAffiliateUrl with your own SiteStripe text link. Do not show price, rating, review count, Prime badge, or Amazon images unless sourced through an Amazon-approved method/PA-API or current SiteStripe rules allow it. Add a clear affiliate disclosure near the slot."
amz-wopet-automatic-pet-feeder-with-camera,FALSE,84,not_live_validated_yet,"Still reasonable evergreen candidate, but manually verify exact Amazon listing before enabling.",medium,tech_tracking,Smart Pet Tech & Monitoring,WOPET Automatic Pet Feeder with Camera,WOPET,automatic pet feeder camera dog,,,Premium gear comparison/table,gps|camera|smart-tech|tracking|monitoring,/categories/gear|/categories/travel|/blog/dog-tech,low,"Fill amazonAffiliateUrl with your own SiteStripe text link. Do not show price, rating, review count, Prime badge, or Amazon images unless sourced through an Amazon-approved method/PA-API or current SiteStripe rules allow it. Add a clear affiliate disclosure near the slot."
amz-squishy-face-studio-flirt-pole,FALSE,84,not_live_validated_yet,"Still reasonable evergreen candidate, but manually verify exact Amazon listing before enabling.",medium,toys_enrichment,"Toys, Chews & Enrichment",Squishy Face Studio Flirt Pole,Squishy Face Studio,flirt pole dog exercise toy,,,Breed energy-specific product row,toys|enrichment|chew|mental-stimulation|high-energy,/categories/toys|/categories/training|/breeds/[breed]|/blog/bored-dog,low,"Fill amazonAffiliateUrl with your own SiteStripe text link. Do not show price, rating, review count, Prime badge, or Amazon images unless sourced through an Amazon-approved method/PA-API or current SiteStripe rules allow it. Add a clear affiliate disclosure near the slot."
amz-ruffwear-quencher-packable-dog-bowl,FALSE,84,not_live_validated_yet,"Still reasonable evergreen candidate, but manually verify exact Amazon listing before enabling.",medium,travel_safety,"Travel, Car & Outdoor Safety",Ruffwear Quencher Packable Dog Bowl,Ruffwear,packable dog bowl travel,,,Travel checklist + outdoor guides,travel|car|outdoor|carrier|safety,/categories/travel|/categories/gear|/breeds/[breed]|/blog/travel-with-dogs,low,"Fill amazonAffiliateUrl with your own SiteStripe text link. Do not show price, rating, review count, Prime badge, or Amazon images unless sourced through an Amazon-approved method/PA-API or current SiteStripe rules allow it. Add a clear affiliate disclosure near the slot."
amz-the-puppy-primer-book,FALSE,84,not_live_validated_yet,"Still reasonable evergreen candidate, but manually verify exact Amazon listing before enabling.",medium,treats_training,Training Treats & Training Tools,The Puppy Primer Book,Patricia B. McConnell,puppy primer dog training book,,,Training guide inline slots,training|treats|puppy|obedience|positive-reinforcement,/categories/training|/blog/puppy-training|/breeds/[breed]|/dog-names/[breed],low,"Fill amazonAffiliateUrl with your own SiteStripe text link. Do not show price, rating, review count, Prime badge, or Amazon images unless sourced through an Amazon-approved method/PA-API or current SiteStripe rules allow it. Add a clear affiliate disclosure near the slot."
amz-petsafe-gentle-leader-headcollar,FALSE,84,validated_keep,Found in Amazon Best Sellers Dog Collars top results.,medium,walking_harness_leash,"Walking, Harnesses & Leashes",PetSafe Gentle Leader Headcollar,PetSafe,gentle leader headcollar dog training,,,Breed page gear box + training/category pages,walking|harness|leash|training|daily-care,/categories/training|/categories/gear|/breeds/[breed]|/blog/puppy-checklist,low,"Fill amazonAffiliateUrl with your own SiteStripe text link. Do not show price, rating, review count, Prime badge, or Amazon images unless sourced through an Amazon-approved method/PA-API or current SiteStripe rules allow it. Add a clear affiliate disclosure near the slot."
amz-chomchom-roller-pet-hair-remover,TRUE,82,not_live_validated_yet,"Still reasonable evergreen candidate, but manually verify exact Amazon listing before enabling.",high,cleanup_odor,"Cleanup, Odor & Waste",ChomChom Roller Pet Hair Remover,ChomChom,pet hair remover roller,,https://amzn.to/4ueMb2a,Puppy/home care checklist,cleanup|odor|house-training|poop-bags|home,/categories/puppy|/categories/home|/blog/puppy-checklist,low,"Fill amazonAffiliateUrl with your own SiteStripe text link. Do not show price, rating, review count, Prime badge, or Amazon images unless sourced through an Amazon-approved method/PA-API or current SiteStripe rules allow it. Add a clear affiliate disclosure near the slot."
amz-the-green-pet-shop-dog-cooling-mat,FALSE,82,not_live_validated_yet,"Still reasonable evergreen candidate, but manually verify exact Amazon listing before enabling.",medium,beds_comfort,"Beds, Blankets & Comfort",The Green Pet Shop Dog Cooling Mat,The Green Pet Shop,dog cooling mat,,,Breed size-fit recommendation box,bed|comfort|sleep|senior|large-breed,/categories/gear|/categories/senior-dogs|/cost-calculator/[breed]|/breeds/[breed],low,"Fill amazonAffiliateUrl with your own SiteStripe text link. Do not show price, rating, review count, Prime badge, or Amazon images unless sourced through an Amazon-approved method/PA-API or current SiteStripe rules allow it. Add a clear affiliate disclosure near the slot."
amz-midwest-quiettime-crate-mat,FALSE,82,not_live_validated_yet,"Still reasonable evergreen candidate, but manually verify exact Amazon listing before enabling.",medium,crates_gates_home,"Crates, Gates & Home Setup",MidWest QuietTime Crate Mat,MidWest Homes for Pets,dog crate mat washable,,,Puppy starter kit + crate-training content,crate-training|puppy|home-setup|safety,/categories/puppy|/categories/training|/blog/crate-training|/breeds/[breed],low,"Fill amazonAffiliateUrl with your own SiteStripe text link. Do not show price, rating, review count, Prime badge, or Amazon images unless sourced through an Amazon-approved method/PA-API or current SiteStripe rules allow it. Add a clear affiliate disclosure near the slot."
amz-dexas-popware-collapsible-travel-cup,FALSE,82,not_live_validated_yet,"Still reasonable evergreen candidate, but manually verify exact Amazon listing before enabling.",medium,food_bowls_feeding,"Bowls, Feeders & Food Storage",Dexas Popware Collapsible Travel Cup,Dexas,collapsible dog travel bowl,,,Nutrition pages + cost calculator add-on box,feeding|nutrition|slow-feeder|bowls|food-storage,/categories/nutrition|/categories/puppy|/cost-calculator/[breed]|/breeds/[breed],low,"Fill amazonAffiliateUrl with your own SiteStripe text link. Do not show price, rating, review count, Prime badge, or Amazon images unless sourced through an Amazon-approved method/PA-API or current SiteStripe rules allow it. Add a clear affiliate disclosure near the slot."
amz-pogi-s-grooming-wipes,FALSE,82,not_live_validated_yet,"Still reasonable evergreen candidate, but manually verify exact Amazon listing before enabling.",medium,grooming_shedding,"Grooming, Shedding & Bathing",Pogi's Grooming Wipes,Pogi's,dog grooming wipes hypoallergenic,,,Breed coat-care module,grooming|shedding|coat-care|bath|nails,/categories/grooming|/breeds/[breed]|/blog/dog-grooming-checklist,low,"Fill amazonAffiliateUrl with your own SiteStripe text link. Do not show price, rating, review count, Prime badge, or Amazon images unless sourced through an Amazon-approved method/PA-API or current SiteStripe rules allow it. Add a clear affiliate disclosure near the slot."
amz-nutramax-cosequin-joint-supplement-for-dogs,FALSE,82,caution_review,Health-adjacent; use only with careful wording and no medical claims.,medium,health_adjacent,"Dental, Paw & Wellness-Adjacent Care",Nutramax Cosequin Joint Supplement for Dogs,Nutramax,Cosequin joint supplement dogs,,,Care routine boxes with vet disclaimer,dental-care|paw-care|wellness|routine-care,/categories/health|/categories/grooming|/breeds/[breed],medium,"Fill amazonAffiliateUrl with your own SiteStripe text link. Do not show price, rating, review count, Prime badge, or Amazon images unless sourced through an Amazon-approved method/PA-API or current SiteStripe rules allow it. Add a clear affiliate disclosure near the slot."
amz-paw5-wooly-snuffle-mat,FALSE,82,not_live_validated_yet,"Still reasonable evergreen candidate, but manually verify exact Amazon listing before enabling.",medium,toys_enrichment,"Toys, Chews & Enrichment",PAW5 Wooly Snuffle Mat,PAW5,dog snuffle mat,,,Breed energy-specific product row,toys|enrichment|chew|mental-stimulation|high-energy,/categories/toys|/categories/training|/breeds/[breed]|/blog/bored-dog,low,"Fill amazonAffiliateUrl with your own SiteStripe text link. Do not show price, rating, review count, Prime badge, or Amazon images unless sourced through an Amazon-approved method/PA-API or current SiteStripe rules allow it. Add a clear affiliate disclosure near the slot."
amz-musher-s-secret-dog-paw-wax,FALSE,82,not_live_validated_yet,"Still reasonable evergreen candidate, but manually verify exact Amazon listing before enabling.",medium,travel_safety,"Travel, Car & Outdoor Safety",Musher's Secret Dog Paw Wax,Musher's Secret,dog paw wax protection,,,Travel checklist + outdoor guides,travel|car|outdoor|carrier|safety,/categories/travel|/categories/gear|/breeds/[breed]|/blog/travel-with-dogs,medium,"Fill amazonAffiliateUrl with your own SiteStripe text link. Do not show price, rating, review count, Prime badge, or Amazon images unless sourced through an Amazon-approved method/PA-API or current SiteStripe rules allow it. Add a clear affiliate disclosure near the slot."
amz-mighty-paw-traffic-handle-dog-leash,FALSE,82,not_live_validated_yet,"Still reasonable evergreen candidate, but manually verify exact Amazon listing before enabling.",medium,walking_harness_leash,"Walking, Harnesses & Leashes",Mighty Paw Traffic Handle Dog Leash,Mighty Paw,traffic handle dog leash reflective,,,Breed page gear box + training/category pages,walking|harness|leash|training|daily-care,/categories/training|/categories/gear|/breeds/[breed]|/blog/puppy-checklist,low,"Fill amazonAffiliateUrl with your own SiteStripe text link. Do not show price, rating, review count, Prime badge, or Amazon images unless sourced through an Amazon-approved method/PA-API or current SiteStripe rules allow it. Add a clear affiliate disclosure near the slot."
amz-zesty-paws-multivitamin-chews-for-dogs,FALSE,80,caution_review,Health-adjacent; use only with careful wording and no medical claims.,medium,health_adjacent,"Dental, Paw & Wellness-Adjacent Care",Zesty Paws Multivitamin Chews for Dogs,Zesty Paws,dog multivitamin chews,,,Care routine boxes with vet disclaimer,dental-care|paw-care|wellness|routine-care,/categories/health|/categories/grooming|/breeds/[breed],medium,"Fill amazonAffiliateUrl with your own SiteStripe text link. Do not show price, rating, review count, Prime badge, or Amazon images unless sourced through an Amazon-approved method/PA-API or current SiteStripe rules allow it. Add a clear affiliate disclosure near the slot."
amz-kuoser-reversible-dog-winter-coat,FALSE,80,not_live_validated_yet,"Still reasonable evergreen candidate, but manually verify exact Amazon listing before enabling.",medium,travel_safety,"Travel, Car & Outdoor Safety",Kuoser Reversible Dog Winter Coat,Kuoser,reversible dog winter coat,,,Travel checklist + outdoor guides,travel|car|outdoor|carrier|safety,/categories/travel|/categories/gear|/breeds/[breed]|/blog/travel-with-dogs,low,"Fill amazonAffiliateUrl with your own SiteStripe text link. Do not show price, rating, review count, Prime badge, or Amazon images unless sourced through an Amazon-approved method/PA-API or current SiteStripe rules allow it. Add a clear affiliate disclosure near the slot."
amz-baskerville-ultra-muzzle,FALSE,78,validated_add,Live search found it in Amazon Best Sellers Dog Muzzles. Use only in safety/training contexts; avoid wording that labels dogs as aggressive.,medium,walking_harness_leash,"Walking, Harnesses & Safety Gear",BASKERVILLE ULTRA MUZZLE,Baskerville,BASKERVILLE ULTRA MUZZLE dog,,,"Specialized safety/training article only, not general breed pages.",safety|training|muzzle|reactive-dog,/categories/training|/categories/gear,medium,"Fill amazonAffiliateUrl with your own SiteStripe text link. Do not show price, rating, review count, Prime badge, or Amazon images unless allowed through Amazon-approved tooling/current rules."
amz-earth-rated-dog-poop-bags,TRUE,,validated_keep,Found in Amazon Best Sellers Pet Supplies top results; high-frequency consumable.,high,cleanup_odor,"Cleanup, Odor & Waste",Earth Rated Dog Poop Bags,Earth Rated,earth rated dog poop bags,,https://amzn.to/3QGJhVG,Puppy/home care checklist,cleanup|odor|house-training|poop-bags|home,/categories/puppy|/categories/home|/blog/puppy-checklist,low,"Fill amazonAffiliateUrl with your own SiteStripe text link. Do not show price, rating, review count, Prime badge, or Amazon images unless sourced through an Amazon-approved method/PA-API or current SiteStripe rules allow it. Add a clear affiliate disclosure near the slot."